Stage_Name, Full_Name, Korean_Name, Group, Country
Taeyeon,Kim Taeyeon,김태연 ,SNSD,South Korea
Sunny,Lee Sunkyu,이순규 ,SNSD,South Korea
Tiffany,Hwang Miyoung,황미영,SNSD,South Korea
Hyoyeon,Kim Hyoyeon,김효연 ,SNSD,South Korea
Yuri,Kwon Yuri,권유리 ,SNSD,South Korea
Sooyoung,Choi Sooyoung,최수영 ,SNSD,South Korea
Yoona,Im Yoona,임윤아 ,SNSD,South Korea
Seohyun,Seo Joohyun,서주현 ,SNSD,South Korea
Jessica,Jessica Jung,제시카 정,,South Korea
CL,Lee Chaerin,이채린,2NE1,South Korea
Bom,Park Bom,박봄,2NE1,South Korea
Dara,Park Sandara,박산다라,2NE1,South Korea
Minzy,Kong Minji,공민지 ,2NE1,South Korea
Hyorin,Kim Hyojung,김효정 ,SISTAR,South Korea
Bora,Yoon Bora,윤보라 ,SISTAR,South Korea
Soyou,Kang Jihyun,강지현 ,SISTAR,South Korea
Dasom,Kim Dasom,김다솜 ,SISTAR,South Korea
Jihyun,Nam Jihyun,남지현 ,4minute,South Korea
Gayoon,Heo Gayoon,허가윤,4minute,South Korea
Jiyoon,Jeon Jiyoon,전지윤,4minute,South Korea
HyunA,Kim Hyuna,김현아 ,4minute,South Korea
Sohyun,Kwon Sohyun,권소현,4minute,South Korea
Jimin,Shin Jimin,신지민 ,,South Korea
Choa,Park Choa,박초아 ,,South Korea
Yuna,Seo Yuna,서유나 ,AoA,South Korea
Yookyung,Seo Yookyung,서유경 ,,South Korea
Hyejeong,Shin Hyejeong,신혜정 ,AoA,South Korea
Mina,Kwon Mina,권민아 ,,South Korea
Seolhyun,Kim Seolhyun,김설현 ,AoA,South Korea
Chanmi,Kim Chanmi,김찬미 ,AoA,South Korea
Sojin,Park Sojin,박소진 ,Girl's Day,South Korea
Yura,Kim Ahyoung,김아영 ,Girl's Day,South Korea
Minah,Bang Minah,방민아 ,Girl's Day,South Korea
Hyeri,Lee Hyeri,이혜리 ,Girl's Day,South Korea
Jea,Kim Hyojin,김효진,Brown Eyed Girls,South Korea
Miryo,Jo Mihye,조미혜,Brown Eyed Girls,South Korea
Narsha,Park Hyojin,박효진,Brown Eyed Girls,South Korea
Gain,Son Gain,손가인,Brown Eyed Girls,South Korea
Chorong,Park Chorong,박초롱,Apink,South Korea
Bomi,Yoon Bomi,윤보미,Apink,South Korea
Eunji,Jung Eunji,정은지 ,Apink,South Korea
Naeun,Son Naeun,손나은,,South Korea
Namjoo,Kim Namjoo,김남주,Apink,South Korea
Hayoung,Oh Hayoung,오하영 ,Apink,South Korea
Solji,Heo Solji,허솔지,EXID,South Korea
LE,Ahn Hyejin,안효진,EXID,South Korea
Hani,Ahn Hee-yeon,안희연,EXID,South Korea
Hyerin,Seo Hyerin,서혜린,EXID,South Korea
Junghwa,Park Junghwa,박정화,EXID,South Korea
Hyeyeon,Kang Hyeyeon,강혜연,BESTie,South Korea
Uji,Jang Yuji,정유지 ,,South Korea
Dahye,Song Dahye,송다혜 ,,South Korea
Haeryeong,Na Haeryeong,나해령,BESTie,South Korea
Yubin,Kim Yubin,김유빈 ,Wonder Girls,South Korea
Yenny,Park Yeeun,박예은,Wonder Girls,South Korea
Sunmi,Lee Sunmi,이선미,Wonder Girls,South Korea
Hyerim,Woo Hyerim,우혜림,Wonder Girls,South Korea
Fei,Wang FeiFei,왕페이페이 ,miss A,China
Jia,Meng Jia,멍지아 ,miss A,China
Min,Lee Minyoung,이민영,miss A,South Korea
Suzy,Bae Suji,배수지,miss A,South Korea
Jamie,Park Jimin,박지민,15&,South Korea
Yerin,Baek Yerin,백예린,15&,South Korea
Jihyo,Park Jisoo,박지수,Twice,South Korea
Nayeon,Im Nayeon,임나연,Twice,South Korea
Jeongyeon,Yoo Jeongyeon,유정연,Twice,South Korea
Momo,Hirai Momo,히라이 모모,Twice,Japan
Sana,Minatozaki Sana,미나토자키 사나,Twice,Japan
Mina,Myoui Mina,묘이 미나,Twice,Japan
Dahyun,Kim Dahyun,김다현,Twice,South Korea
Chaeyoung,Son Chaeyoung,손채영,Twice,South Korea
Tzuyu,Chou Tzuyu,저우쯔위,Twice,Taiwan
Seunghee,Oh Seunghee,오승희,CLC,South Korea
Yujin,Choi Yujin,최유진,Kep1er,South Korea
Seungyeon,Jang Seunyeon,장승연 ,CLC,South Korea
Sorn,Chonnasorn Sajakul,촌나손 사짜꾼,CLC,Thailand
YeeEun,Jang Yeeun,장예은 ,CLC,South Korea
Hyuna,Moon Hyuna,문현아 ,,South Korea
Euaerin,Lee Hyemin,이혜민,,South Korea
Sungah,Son Sungah,손성아,9Muses,South Korea
Kyungri,Park Kyungri,박경리,9Muses,South Korea
Hyemi,Pyo Hyemi,표혜미,9Muses,South Korea
Minha,Park Minha,박민하 ,,South Korea
Sojin,Jo Sojin,조소진,9Muses,South Korea
Keumjo,Lee Keumjo,이금조,9Muses,South Korea
Sowon,Kim Sojung,김소정,Gfriend,South Korea
Yerin,Jung Yerin,정예린,Gfriend,South Korea
Eunha,Jung Eunbi,정은비,VIVIZ,South Korea
Yuju,Choi Yuna,최유나,Gfriend,South Korea
SinB,Hwang Eunbi,황은비 ,VIVIZ,South Korea
Umji,Kim Yewon,김예원,VIVIZ,South Korea
Victoria,Song Qian,송치엔 ,f(x),China
Amber,Amber Josephine Liu,엠버 조세핀 리우,f(x),USA
Luna,Park Sunyoung,박선영,f(x),South Korea
Krystal,Krystal Jung,크리스탈 정,f(x),South Korea
Irene,Bae Juhyun,배주현 ,Red Velvet,South Korea
Seulgi,Kang Seulgi,강슬기,Red Velvet,South Korea
Wendy,Son Seunghwan,손승완,Red Velvet,South Korea
Joy,Park Sooyoung,박수영,Red Velvet,South Korea
Yeri,Kim Yerim,김예림,Red Velvet,South Korea
BoA,Kwon Boa,권보아,,South Korea
Ailee,Lee Yejin,이예진,,South Korea
G.NA,Gina Jane Choi,최지나,,Canada
Taeha,Yoo Taeha,유태하,,South Korea
Seoyul,Seo Yuri,서유리,Berry Good,South Korea
Daye,Kim Hyunjung,김현정,Berry Good,South Korea
Sehyung,Kang Sehyung,강세형,Berry Good,South Korea
Gowoon,Moon Yujeong,문유정,Berry Good,South Korea
Hyangsuk,Lee Hyangsuk,이향숙 ,2EYES,South Korea
Daeun,Jung Daeun,정다은,2EYES,South Korea
Dasom,Lee Dasom,이다솜,2EYES,South Korea
Hyerin,Kim Hyerin,김혜린,2EYES,South Korea
IU,Lee Jieun,이지은,,South Korea
Jei,Kim Jinhee,김진희,Fiestar,South Korea
Cao Lu,Cao Lu,차오루,Fiestar,China
Linzy,Im Minji,임민지,Fiestar,South Korea
Hyemi,Kim Hyemi,김혜미,Fiestar,South Korea
Yezi,Lee Yeji,이예지,Fiestar,South Korea
Hana,Shin Bora,신보라,Gugudan,South Korea
Mimi,Jung Mimi,정미미,Gugudan,South Korea
Haebin,Han Haebin,한해빈,Gugudan,South Korea
Nayoung,Kim Nayoung,김나영,Gugudan,South Korea
Sejeong,Kim Sejeong,김세정,Gugudan,South Korea
Sally,Liu Xiening,류셰닝,Gugudan,China
Soyee,Jang Sojin,장소진,Gugudan,South Korea
Mina,Kang Mina,강미나,Gugudan,South Korea
Hyeyeon,Cho Hyeyeon,조혜연,,South Korea
Hyojung,Choi Hyojung,최효정,Oh My Girl,South Korea
JinE,Shin Hyejin,신혜진,,South Korea
Mimi,Kim Mihyun,김미현,Oh My Girl,South Korea
Yooa,Yoo Siah,유시아,Oh My Girl,South Korea
Seunghee,Hyun Seunghee,현승희,Oh My Girl,South Korea
Jiho,Kim Jiho,김지호,,South Korea
Yubin,Bae Yubin,배유빈,Oh My Girl,South Korea
Arin,Choi Yewon,최예원,Oh My Girl,South Korea
Babysoul,Lee Soojung,이수정,Lovelyz,South Korea
Jiae,Yoo Jiae,유지애,Lovelyz,South Korea
Jisoo,Seo Jisoo,서지수,Lovelyz,South Korea
Mijoo,Lee Mijoo,이미주,Lovelyz,South Korea
Kei,Kim Jiyeon,김지연,Lovelyz,South Korea
JIN,Park Myungeun,박명은,Lovelyz,South Korea
Sujeong,Ryu Sujeong,류수정,Lovelyz,South Korea
Yein,Jeong Yein,정예인,Lovelyz,South Korea
Yujeong,Kim Yujeong,김유정,,South Korea
Soyeon,Jung Soyeon,정소연,LABOUM,South Korea
ZN,Bae Jinye,배진예,LABOUM,South Korea
Haein,Yeom Haein,염해인,LABOUM,South Korea
Solbin,Ahn Solbin,안솔빈,LABOUM,South Korea
Yulhee,Kim Yulhee,김율희,,South Korea
Boram,Jeon Boram,전보람,,South Korea
Qri,Lee Jihyun,이지현,T-ara,South Korea
Soyeon,Park Soyeon,박소연,,South Korea
Eunjung,Ham Eunjung,함은정,T-ara,South Korea
Hyomin,Park Sunyoung,박선영,T-ara,South Korea
Jiyeon,Park Jiyeon,박지연,T-ara,South Korea
Solar,Kim Yongsun,김용선,Mamamoo,South Korea
Moonbyul,Moon Byulyi,문별이,Mamamoo,South Korea
Wheein,Jung Wheein,정휘인,Mamamoo,South Korea
Hwasa,Ahn Hyejin,안혜진,Mamamoo,South Korea
Yeoeun,Jung Jieun,정지은,MELODYDAY,South Korea
Yein,Ahn Yein,안예인,MELODYDAY,South Korea
Chahee,Park Sooyoung,박수영,MELODYDAY,South Korea
Yoomin,Na Yoomin,나유민,MELODYDAY,South Korea
Elkie,Chong Ting Yan,쫑딩얀,,Hong Kong
Eunbin,Kwon Eunbin,권은빈,CLC,South Korea
Jisoo,Kim Jisoo,김지수,BLACKPINK,South Korea
Jennie,Kim Jennie,김제니,BLACKPINK,South Korea
Rosé,Roseanne Park,로잔느 박,BLACKPINK,South Korea
Lisa,Pranpriya Manoban,쁘란쁘리야 마노반,BLACKPINK,Thailand
Hyeji,Jeong Hyeji,정혜지,4TEN,South Korea
Heeo,Gwak Heeoh,곽히오,4TEN,South Korea
Yoon,Heo Yoon,허윤,4TEN,South Korea
Hyejin,Baek Hyejin,백혜진 ,4TEN,South Korea
Uee,Kim Yujin,김유진,,South Korea
Raina,Oh Hyerin,오혜린,After School,South Korea
Nana,Im Jinah,임진아,After School,South Korea
Lizzy,Park Sooyoung,박수영,After School,South Korea
E-Young,Noh Yiyoung,노이영,After School,South Korea
Kaeun,Lee Kaeun,이가은,After School,South Korea
Kahi,Park Jiyoung,박지영,,South Korea
Jooyeon,Lee Jooyeon,이주연,,South Korea
Jungah,Kim Jungah,김정아,,South Korea
Soyoung,Yoo Soyoung,유소영,,South Korea
Bekah,Rebecca Kim,김레베카,,South Korea
Chaewon,Kim Chaewon,김채원,APRIL,South Korea
Naeun,Lee Naeun,이나은,APRIL,South Korea
Yena,Yang Yena,양예나,APRIL,South Korea
Jinsol,Lee Jinsol,이진솔,APRIL,South Korea
Hyunjoo,Lee Hyunjoo,이현주,UNI.T,South Korea
Monika,Kang Yeh,강예,BADKIZ,South Korea
LuA,Jo Hankyeung,조한경,BADKIZ,South Korea
K.Me,Na Miri,나미리,BADKIZ,South Korea
Somin,Jang Somin,장소민,BADKIZ,South Korea
U-Si,Yoo Jiyeon,윤지연,BADKIZ,South Korea
Gabin,Kim Gabin,김가빈,Blady,South Korea
Dayoung,Kim Dayoung,김다영,Blady,South Korea
Giru,Park Giru,박기루,Blady,South Korea
Tina,Christine Joy Park,크리스틴 조이 박,Blady,USA
Yeeun,Hwang Yeeun,황예은,Blady,South Korea
Minyoung,Kim Minyeong,김민영,Brave Girls,South Korea
Yujeong,Nam Yujeong,남유정,Brave Girls,South Korea
Eunji,Hong Eunji,홍은지,Brave Girls,South Korea
Yoojin,Jang Yoojin,정유진,,South Korea
Yuna,Lee Yuna,이유나,Brave Girls,South Korea
Hyeran,Noh Hyeran,노혜란,,South Korea
Hayun,Lee Hayun,이하윤,,South Korea
Bona,Kim Jiyeon,김지연,WJSN,South Korea
Cheng Xiao,Cheng Xiao,청샤오,,China
Dayoung,Im Dayoung,임다영,WJSN,South Korea
Xuanyi,Wu Xuanyi,우쉬안이,,China
Eunseo,Son Juyeon,손주연,WJSN,South Korea
Yeoreum,Lee Jinsook,이진숙,WJSN,South Korea
Seola,Kim Hyunjung,김현정,WJSN,South Korea
Exy,Chu Sojung,추소정,WJSN,South Korea
Soobin,Park Soobin,박수빈,WJSN,South Korea
Luda,Lee Luda,이루다,WJSN,South Korea
Dawon,Nam Dawon,남다원,WJSN,South Korea
Meiqi,Meng Meiqi,멍메이치,,China
Yeonjung,Yu Yeonjung,유연정,WJSN,South Korea
Geummi,Baek Boram,백보람,Crayon Pop,South Korea
Ellin,Kim Minyoung,김민영,Crayon Pop,South Korea
Choa,Heo Minjin,허민진,Crayon Pop,South Korea
Way,Heo Minsun,허민선,Crayon Pop,South Korea
Soyul,Park Hyekyeong,박혜경,Crayon Pop,South Korea
Hanna,Shin Jiyeon,신지연,MIXX,South Korea
Henny,Kang Gayoung,강가영,,South Korea
Arie,Jeon Minjae,전민재,MIXX,South Korea
Liyah,Moon Liya,문리야,MIXX,South Korea
Jiu,Kim Minji,김민지,Dreamcatcher,South Korea
Sua,Kim Bora,김보라,Dreamcatcher,South Korea
Siyeon,Lee Siyeon,이시연,Dreamcatcher,South Korea
Yoohyeon,Kim Yoohyeon,김유현,Dreamcatcher,South Korea
Dami,Lee Yoobin,이유빈,Dreamcatcher,South Korea
Hyebin,Lee Hyebin,이혜빈,MOMOLAND,South Korea
Yeonwoo,Lee Dabin,이다빈,,South Korea
Jane,Sung Jiyeon,성지연,MOMOLAND,South Korea
Nayun,Kim Nayun,김나윤,MOMOLAND,South Korea
Joo E,Lee Joowon,이주원,MOMOLAND,South Korea
AhIn,Lee Ahin,이아인,MOMOLAND,South Korea
Nancy,Nancy Mcdonie,낸시 맥다니,MOMOLAND,South Korea
Sumin,Ji Sumin,지수민,Sonamoo,South Korea
Minjae,Seong Minjae,성민재,Sonamoo,South Korea
D.ana,Cho Eunae,조은애,Sonamoo,South Korea
Nahyun,Kim Nahyun,김나현,Sonamoo,South Korea
Euijin,Hong Euijin,홍의진,Sonamoo,South Korea
High.D,Kim Dohee,김도희,Sonamoo,South Korea
New Sun,Choi Yoonsun,최윤선,Sonamoo,South Korea
Somin,Jeon Somin,전소민,KARD,South Korea
Jiwoo,Jeon Jiwoo,전지우,KARD,South Korea
Youngji,Hur Youngji,허영지,KARA,South Korea
Gyuri,Park Gyuri,박규리,KARA,South Korea
Seungyeon,Han Seungyeon,한승연,KARA,South Korea
Hara†,Koo Hara,구하라,KARA,South Korea
Nicole,Nicole Jung,정니콜,KARA,South Korea
Jiyoung,Kang Jiyoung,강지영,KARA,South Korea
Moonhee,Choi Moonhee,최문희,Bonus Baby,South Korea
Hayoon,Jung Hayoon,정하윤,Bonus Baby,South Korea
Chaehyun,Kim Chaehyun,김채현,Bonus Baby,South Korea
Dayun,Kim Dayun,김다윤,Bonus Baby,South Korea
Gaon,Beom Gaon,범가온,Bonus Baby,South Korea
Kongyoo,Kong Yoojin,공유진,Bonus Baby,South Korea
Chaekyung,Yoon Chaekyung,윤채경,APRIL,South Korea
Rachel,Sung Nayeon,성나연,APRIL,South Korea
Sohee,Kim Sohee,소희,Nature,South Korea
Lee Haein,Lee Haein,이해인,I.B.I,South Korea
Lee Suhyun,Lee Suhyun,이수현,I.B.I,South Korea
Han Hyeri,Han Hyeri,한혜리,I.B.I,South Korea
Hyosung,Jun Hyoseong,전효성,SECRET,South Korea
Hana,Jung Hana,정하나,SECRET,South Korea
Jieun,Song Jieun,송지은,SECRET,South Korea
Sunhwa,Han Sunhwa,한선화,,South Korea
Heeyu,Choi Heejae,최희재,MIXX,South Korea
Mia,Son Hyunmi,손현미,MIXX,South Korea
Heejin,Jeon Heejin,전희진,ARTMS,South Korea
Hyunjin,Kim Hyunjin,김현진,Loossemble,South Korea
Haseul,Jo Haseul,조하슬,ARTMS,South Korea
Yeojin,Im Yeojin,임여진,Loossemble,South Korea
Handong,Han Dong,한동,Dreamcatcher,China
Gahyeon,Lee Gahyeon,이가현,Dreamcatcher,South Korea
Nayoung,Im Nayoung,임나영,Pristin,South Korea
Roa,Kim Minkyung,김민경,Hinapia,South Korea
Yuha,Kang Kyungwon,강경원,Hinapia,South Korea
Eunwoo,Jeong Eunwoo,정은우,Hinapia,South Korea
Rena,Kang Yebin,강예빈,Hinapia,South Korea
Kyulkyung,Zhou Jieqiong,저우제충,Pristin,China
Yehana,Kim Yewon,김예원,Pristin,South Korea
Sungyeon,Bae Sungyeon,배성연,Pristin,USA
Xiyeon,Park Junghyun,박정현,Pristin,South Korea
Kyla,Kyla Massie,카일라 매시,Pristin,USA
Alice,Song Joohee,송주희,Hello Venus,South Korea
Nara,Kwon Nara,권나라,Hello Venus,South Korea
Lime,Kim Hyerim,김혜림,Hello Venus,South Korea
Seoyoung,Lee Seoyoung,이서영,Hello Venus,South Korea
Yooyoung,Lee Yooyoung,이유영,Hello Venus,South Korea
Yeoreum,Ahn Chaeyeon,안채연,Hello Venus,South Korea
Eunice,Heo Sooyeon,허수연,DIA,South Korea
Huihyeon,Ki Huihyeon,기희현,DIA,South Korea
Jenny,Lee Soyul,이소율,,South Korea
Yebin,Baek Yebin,백예빈,DIA,South Korea
Eunjin,Ahn Eunjin,안은진,,South Korea
Chaeyeon,Jung Chaeyeon,정채연,DIA,South Korea
Eunchae,Kwon Chaewon,권채원,DIA,South Korea
Chungha,Kim Chungha,김청하,,South Korea
Sohye,Kim Sohye,김소혜,,South Korea
Yoojung,Choi Yoojung,최유정,Weki Meki,South Korea
Doyeon,Kim Doyeon,김도연,Weki Meki,South Korea
Somi,Jeon Somi,전소미,,South Korea
I,Cha Yoonji,차윤지,,South Korea
Johyun,Shin Jiwon,신지원,Berry Good,South Korea
Serri,Park Miyeon,박미연,Dal Shabet,South Korea
Ahyoung,Cho Jayoung,조자영,Dal Shabet,South Korea
Woohee,Bae Woohee,배우희,Dal Shabet,South Korea
Subin,Park Subin,박수빈,Dal Shabet,South Korea
Jiyul,Yang Jungyoon,양정윤,,South Korea
Gaeun,Cho Kaeun,조가은,,South Korea
Viki,Kang Eunhye,강은혜,,South Korea
Haeri,Lee Haeri,이해리,Davichi,South Korea
Minkyung,Kang Minkyung,강민경,Davichi,South Korea
Sulli†,Choi Jinri,최진리,,South Korea
Ashley,Ashley Choi,애슐리 최,Ladies' Code,South Korea
Sojung,Lee Sojung,이소정,Ladies' Code,South Korea
Zuny,Kim Joomi,김주미,Ladies' Code,South Korea
Yunji,Lee Yunji,이윤지,Playback,South Korea
Hayoung,Lee Hayoung,이하영,Playback,South Korea
Yujin,Seo Yoojin,소유진,Playback,South Korea
Woolim,Hwang Woolim,황우림,Playback,South Korea
Red,Lee Heejin,이희진,Pungdeng-E,South Korea
Yellow,Kim Eunbi,김은비,Pungdeng-E,South Korea
Blue,Jung Gahee,정가희,Pungdeng-E,South Korea
Jaekyung,Kim Jaekyung,김재경,Rainbow,South Korea
Woori,Go Woori,고우리,Rainbow,South Korea
Seungah,Oh Seungah,오승아,Rainbow,South Korea
Noeul,No Eul,노을,Rainbow,South Korea
Yoonhye,Jung Yoonhye,정윤혜,Rainbow,South Korea
Jisook,Kim Jisook,김지숙,Rainbow,South Korea
Hyunyoung,Cho Hyunyoung,조현영,Rainbow,South Korea
Vivi,Wong Viian,황가희,Loossemble,Hong Kong
Minjae,Shin Minjae,신민재,Tahiti,South Korea
Miso,Park Miso,박미소,Tahiti,South Korea
Jerrry,Ahn Sohyun,안소현,Tahiti,South Korea
Jisoo,Shin Jisoo,신지수,Tahiti,South Korea
Ari,Kim Sunyoung,김선영,Tahiti,South Korea
Sihyun,Park Sihyun,박시현,SPICA,South Korea
Boa,Kim Boah,김보아,KEEMBO,South Korea
Narae,Park Narae,박나래,SPICA,South Korea
Jiwon,Yang Jiwon,양지원,UNI.T,South Korea
Bohyung,Kim Bohyung,김보형,KEEMBO,South Korea
Gayoung,Kim Gayoung,김가영,Stellar,South Korea
Minhee,Joo Minhee,주민희,Stellar,South Korea
Hyeoeun,Lee Hyoeun,이효은,Stellar,South Korea
Jeonyul,Jeon Yuri,전유리,Stellar,South Korea
Jiyou,Im Changsook,임창숙,Two X,South Korea
Eun,Choi Eunmi,최은미,Two X,South Korea
Surin,Kim Surin,김수린,Two X,South Korea
Eunyoung,Joo Eunyoung,주은영,Two X,South Korea
Nari,Kim Nari,김나리,Wassup,South Korea
Jiae,Kim Jiae,김지애,Wassup,South Korea
Sujin,Bang Sujin,방수진,Wassup,South Korea
Woojoo,Kim Woojoo,김우주,Wassup,South Korea
Jinju,Park Jinju,박진주,,South Korea
Dain,Song Jieun,송지은,,South Korea
Nada,Yoon Yejin,윤예진,,South Korea
Jueun,Lee Jooeun,이주은,DIA,South Korea
Somyi,Ahn Somyi,안솜이,DIA,South Korea
Daisy,Yoo Jeongahn,유정안,,South Korea
Taeha,Kim Taeha,김태하,,South Korea
Suyeon,Ji Suyeon,지수연,Weki Meki,South Korea
Elly,Jung Haerim,정해림,Weki Meki,South Korea
Sei,Lee Seojung,이서정,Weki Meki,South Korea
Lua,Kim Sookyung,김수경,Weki Meki,South Korea
Rina,Kang Soeun,강소은,Weki Meki,South Korea
Lucy,Noh Hyojung,노효정,Weki Meki,South Korea
Kim Lip,Kim Jungeun,김정은,ARTMS,South Korea
JinSoul,Jung Jinsol,정진솔,ARTMS,South Korea
Choerry,Choi Yerim,최예림,ARTMS,South Korea
"Do-A
",Choi Yuna,최윤아,ALICE,South Korea
Yeonje,Yang Yeonje,양연제,ALICE,South Korea
Yukyung,Lee Yukyung,이유경,ALICE,South Korea
Sohee,Kim Sohee,김소희,ALICE,South Korea
Karin,Min Karin,민가린,ALICE,South Korea
Rui,Watanabe Rui,와타나베 루이,H.U.B,Japan
Gracie,Kim Gaeun,김가운,H.U.B,South Korea
Yuem,Park Subin,박수빈,H.U.B,South Korea
Hyosun,Lim Hyosun,임효선,H.U.B,South Korea
Keina,Lee Yoona,이유나,H.U.B,South Korea
Hyunseo,Go Hyunseo,고현서,,South Korea
Shinyoung,Park Shinyoung,박신영,G-reyish,South Korea
Yena,Jeong Yena,정예나,G-reyish,South Korea
Yeso,Lee Yeso,이예소,G-reyish,South Korea
Haeri,Jung Haeri,정해리,P.O.P,South Korea
Ahyung,Kang Ahyoung,강아형,P.O.P,South Korea
Miso,Park Jihyun,박지현,P.O.P,South Korea
Seol,Min Jihye,민지혜,P.O.P,South Korea
Yeonjoo,Song Yeonjoo,정연주,P.O.P,South Korea
Yeonha,Ahn Yeonji,안연지,P.O.P,South Korea
Heejin,Song Heejin,송희진,Good Day,South Korea
I.L,Kim Jiwon,김지원,IRRIS,South Korea
Liv,Kim Chaeyoung,김채영,IRRIS,South Korea
Chaesol,Maeng Chaesol,맹채솔,Cignature,South Korea
Yunseul,Hwang Nayoon,황나윤,IRRIS,South Korea
Jeewon,Kim Jiwon,김지원,Cignature,South Korea
Yeah,Kim Haeun,김하은,,South Korea
Sunn,Hwang Jiwon,황지원,,South Korea
Bomin,Kim Bomin,김보민,RedSquare,South Korea
Belle,Jin Hyeonjoo,진현주,Cignature,South Korea
Jiyoung,Ahn Jiyoung,안지영,Bolbbalgan4,South Korea
Jiyoon,Woo Jiyoon,우지윤,Bolbbalgan4,South Korea
Dayeon,Hwang Da Kyeon,황연경,XUM,South Korea
Hajeong,Lee Hajeong,이하정,,South Korea
Baekah,Kim Sua,김수아,XUM,South Korea
Arang,Son Mnjung,손민정,,South Korea
Iaan,Yoo Dongju,유동주,XUM,South Korea
Eunjin,Ma Eunjin,마은진,Playback,South Korea
Yves,Ha Sooyoung,하수영,,South Korea
Haeyeon,Lee Taeyeon,이태연,Gate9,South Korea
Yeori,Kim Soyeon,김소연,Gate9,South Korea
Haru,Han Sangsook,한상숙,Gate9,South Korea
Kady,Gu Dokyoung,구도경,Gate9,South Korea
Gaga,Lee Soobin,이수빈,Gate9,South Korea
Juju,Park Juyoung,박주영,Gate9,South Korea
Taera,Lee Yujin,이유진,Gate9,South Korea
Yoon,Ji Hayoon,지하윤,Gate9,South Korea
Vivian,Park Sunghee,박성희,Gate9,South Korea
Chuu,Kim Jiwoo,김지우,,South Korea
Gowon,Park Chaewon,박채원,Loossemble,South Korea
Saerom,Lee Saerom,이새롬,fromis_9,South Korea
Hayoung,Song Hayoung,송하영,fromis_9,South Korea
Gyuri,Jang Gyuri,장규리,,South Korea
Jiwon,Park Jiwon,박지원,fromis_9,South Korea
Jisun,Roh Jisun,노지선,fromis_9,South Korea
Seoyeon,Lee Seoyeon,이서연,fromis_9,South Korea
Chaeyoung,Lee Chaeyoung,이채영,fromis_9,South Korea
Nakyung,Lee Nakyung,이나경,fromis_9,South Korea
Jiheon,Baek Jiheon,백지헌,fromis_9,South Korea
Xeheun,Lee Seheun,이세흔,Girlkind,South Korea
Medic Jin,Bae Yujin,배유진,Girlkind,South Korea
JK,Kim Jikang,김지강,Girlkind,South Korea
Sun J,Jeon Heesun,전희선,Girlkind,South Korea
Ellyn,Bang Sunhee,방선희,Girlkind,South Korea
Haena,Lee Haena,이해나,Matilda,South Korea
Dan-a,Park Seungyeon,박승연,Matilda,South Korea
Semmi,Oh Heesun,오희선,Matilda,South Korea
Saebyeol,Han Saebyeol,한새별,Matilda,South Korea
Yua,Mikami Yua,미카미 유아,Honey Popcorn,Japan
Miko,Matsuda Miko,마츠다 미코,Honey Popcorn,Japan
Moko,Sakura Moko,사쿠라 모코,Honey Popcorn,Japan
Hyeju,Son Hyeju,손혜주,Loossemble,South Korea
Kriesha Chu,Kriesha Ziskind Teo Tiu,크리샤 지스킨드 테오 티우,,Philippines
JOO,Jung Minjoo,정민주,,South Korea
Miyeon,Jo Miyeon,조미연,(G)I-DLE,South Korea
Minnie,Nicha Yontararak,니차 욘타라락,(G)I-DLE,Thailand
Soyeon,Jeon Soyeon,전소연,(G)I-DLE,South Korea
Soojin,Seo Soojin,서수진,,South Korea
Yuqi,Song Yuqi,송우기,(G)I-DLE,China
Shuhua,Yeh Shuhua,예슈화,(G)I-DLE,Taiwan
NC.A,Im Soeun,임소은,UNI.T,South Korea
Suji,Lee Suji,이수지,UNI.T,South Korea
Yoonjo,Shin Yoonjo,신윤조,UNI.T,South Korea
May,Jeong Chaeyoung,정채영,,South Korea
Terry,Han Dasom,한다솜,,South Korea
Minji,Kim Minji,김민지,Busters,South Korea
Minjung,Cha Minjung,차민정,,South Korea
Jisoo,Jung Jisoo,정지수,Busters,South Korea
Chaeyeon,Kim Chaeyeon,김채연,tripleS,South Korea
Hyungseo,Myeong Hyeongseo,명형서,CLASS:y,South Korea
Eunjin,Moon Eunjin,문은진,Highteen,South Korea
Hyejoo,Park Hyunjoo,박현주,Highteen,South Korea
Hyebin,Im Hyebin,임혜빈,Highteen,South Korea
Sea,Kim Sujeong,김수정,Highteen,South Korea
Miya,Miyauchi Haruka,미야우치 하루카,GWSN,Japan
Seokyoung,Kim Seokyung,김서경,GWSN,South Korea
Seoryoung,Lee Seoryung,이서령,GWSN,South Korea
Anne,Lee Seoyoung,이서영,GWSN,South Korea
Minju,Kang Minjoo,강민주,GWSN,South Korea
Soso,Wang Chingyi,왕징이,GWSN,Taiwan
Lena,Kang Rena,강레나,GWSN,South Korea
Saebom,Kim Saerok,김새록,NATURE,South Korea
Aurora,Yang Lan,양안,NATURE,China
Lu,Im Hayoung,임하영,NATURE,South Korea
Chaebin,Choi Yoobin,최유빈,NATURE,South Korea
Gaga,Li Jia Jia,리 지아 지아,,China
Haru,Abe Haruno,아베 하루노,NATURE,Japan
Uchae,Yu Hyejun,유혜준,NATURE,South Korea
Sunshine,Kim Minjung,김민정,NATURE,South Korea
Jisun,Hwang Jisun,황지선,S#aFLA,South Korea
Suhyeon,Kim Seunghyun,김승현,S#aFLA,South Korea
Seulgi,Jeong Seulgi,정슬기,S#aFLA,South Korea
Yujin,Jeong Yujin,정유진,S#aFLA,South Korea
Eunbi,Kwon Eunbi,권은비,IZ*ONE,South Korea
Sakura,Miyawaki Sakura,미야와키 사쿠라,LE SSERAFIM,Japan
Hyewon,Kang Hyewon,강혜원,IZ*ONE,South Korea
Yena,Choi Yena,최예나,IZ*ONE,South Korea
Chaeyeon,Lee Chaeyeon,이채연,IZ*ONE,South Korea
Chaewon,Kim Chaewon,김채원,LE SSERAFIM,South Korea
Minjoo,Kim Minjoo,김민주,IZ*ONE,South Korea
Nako,Yabuki Nako,야부키 나코,IZ*ONE,Japan
Hitomi,Honda Hitomi,혼다 히토미,IZ*ONE,Japan
Yuri,Jo Yuri,조유리,IZ*ONE,South Korea
Yujin,Ahn Yujin,안유진,IVE,South Korea
Wonyoung,Jang Wonyoung,장원영,IVE,South Korea
Haeyoon,Park Haeyoon,박해윤,Cherry Bullet,South Korea
Yuju,Choi Yuju,최유주,Cherry Bullet,South Korea
Ella,Kim Kyungjoo,김경주,,South Korea
Bora,Kim Bora,김보라,Cherry Bullet,South Korea
Jiwon,Heo Jiwon,허지원,Cherry Bullet,South Korea
Kokoro,Kato Kokoro,카토 코코로,,Japan
Remi,Katsuno Rise,카츠노 리세,Cherry Bullet,Japan
Chaerin,Park Chaerin,박채린,Cherry Bullet,South Korea
May,Hirokawa Mao,히로카와 마오,Cherry Bullet,Japan
Lin Lin,Huang Ziting,황자정,,Taiwan
Yerim,Jeong Yerim,정예림,Purplebeck,South Korea
Yeowool,Ha Yeowool,하여울,Purplebeck,South Korea
Layeon,Lee Jimin,이지민,Purplebeck,South Korea
Mini,,,Purplebeck,South Korea
Seyeon,Park Seyeon,박세연,Purplebeck,South Korea
Yeji,Hwang Yeji,황예지,ITZY,South Korea
Lia,Choi Jisu,최지수,ITZY,South Korea
Ryujin,Shin Ryujin,신류진,ITZY,South Korea
Chaeryeong,Lee Chaeryeong,이채령,ITZY,South Korea
Yuna,Shin Yuna,신유나,ITZY,South Korea
Youi,Kim Jihyeo,유아이,Dreamnote,South Korea
Boni,Choi Euijeong,최의정,Dreamnote,South Korea
Lara,Moon Shinae,문신애,Dreamnote,South Korea
Miso,Jeon Jimin,전지민,Dreamnote,South Korea
Sumin,Park Sumin,박수민,Dreamnote,South Korea
Eunjo,Park Eunjo,박은조,Dreamnote,South Korea
Habin,Yoo Habin,유하빈,,South Korea
Hanbyeol,Ahn Hanbyeol,안한별,,South Korea
Gaeul,Park Gaeul,박가을,Favorite,South Korea
Saebom,Kim Seyoung,김세영,Favorite,South Korea
Seoyeon,Kim Minju,김민주,Favorite,South Korea
Sugyeong,Jo Sugyeong,조수경,Favorite,South Korea
Jeonghee,Go Jeonghee,고정희,Favorite,South Korea
Ahra,Go Ahra,고아라,Favorite,South Korea
Dohee,Yoon Dohee,윤도희,,South Korea
E:U,Park Jiwon,박지원,Everglow,South Korea
Sihyeon,Kim Sihyeon,김시현,Everglow,South Korea
Mia,Han Eunji,한은지,Everglow,South Korea
Onda,Jo Selim,조세림,Everglow,South Korea
Aisha,Heo Yoorim,허유림,Everglow,South Korea
Yiren,Wang Yiren,왕이런,Everglow,China
Hyunji,Kim Hyunji,김현지,Hashtag,South Korea
Sua,Yang Sua,양수아,Hashtag,South Korea
Dajeong,Kim Dajeong,김다정,Hashtag,South Korea
Seungmin,Lee Seungmin,이승민,Hashtag,South Korea
Subin,Oh Subin,오수빈,Hashtag,South Korea
Sojin,Hong Sojin,홍소진,Hashtag,South Korea
Aeji,Kwon Aeji,권애지,Hashtag,South Korea
Yiyeon,Jung Dasol,정다솔,BVNDIT,South Korea
Songhee,Yoon Songhee,윤송희,BVNDIT,South Korea
Jungwoo,Uhm Jungwoo,엄정우,BVNDIT,South Korea
Simyeong,Lee Simyeong,이시명,BVNDIT,South Korea
Seungeun,Shim Seungeun,심승은,BVNDIT,South Korea
Cheongeum,Jang Cheongeum,장청음,Ho1iday,South Korea
Saebyeok,Shim Jaeyoung,심재영,Ho1iday,South Korea
Heejoo,Jeon Heejoo,전희주,Ho1iday,South Korea
Haru,Lee Yoojeong,이유정,Ho1iday,South Korea
Dany,Jeon Eunji,전은지,Ho1iday,South Korea
Yoonji,,,Lusty,South Korea
Harin,,,Lusty,South Korea
Jinhui,,,Lusty,South Korea
Isol,,,Lusty,South Korea
Yeryung,,,Lusty,South Korea
Juri,Takahashi Juri,타카하시 쥬리,Rocket Punch,Japan
Yeonhee,Kim Yeonhee,김연희,Rocket Punch,South Korea
Suyun,Kim Suyun,김수윤,Rocket Punch,South Korea
Yunkyung,Seo Yunkyung,서윤경,Rocket Punch,South Korea
Sohee,Kim Sohee,김소희,Rocket Punch,South Korea
Dahyun,Jeong Dahyun,정다현,Rocket Punch,South Korea
Yeseo,Kang Yeseo,강예서,Kep1er,South Korea
Aini,Kim Heejung,김희정,,South Korea
Seea,Kang Eunyoung,강은영,Pink Fantasy,South Korea
Yechan,Kim Yechan,김예찬,Pink Fantasy,South Korea
Daewang Nim,Daewang Nim,대왕님,Pink Fantasy,South Korea
Sanga,Lee Sanga,이상아,,South Korea
Yubin,Cho Yubin,조유빈,,South Korea
Harin,Park Guenhye,박근혜,Pink Fantasy,South Korea
Arang,Park Yerim,박예림,Pink Fantasy,South Korea
Heesun,Park Heesun,박희선,Pink Fantasy,South Korea
Lina,Oh Sejin,오세진,ANS,South Korea
Royeon,Jeon Hyunjoo,	 전현주,ANS,South Korea
Dalyn,Lee Sohyun,이소현,ANS,South Korea
Raon,Lee Seoyoung,이서영,ANS,South Korea
Bian,Yu Jiwon,유지원,MAJORS,South Korea
Dami,Hong Dayoung,홍다영,ANS,South Korea
Doi,Kim Doi,김도이,FANATICS,South Korea
Sika,Ren Shika,렌 시카,,China
Chaelin,Lee Chaelin,이채린,FANATICS,South Korea
Chiayi,Li Chiayi,지아이,FANATICS,Taiwan
Yoonhye,Jung Yoonhye,정윤혜,FANATICS,South Korea
Doah,Kim Doah,김도아,FANATICS,South Korea
Loha,Kang Yejin,강예진,Nature,South Korea
Yunji,Kim Yunji,김윤지,ARIAZ,South Korea
Dawon,Lee Dawon,이다원,ARIAZ,South Korea
Sihyeon,Kang Sihyeon,강시현,ARIAZ,South Korea
Yeori,Choi Yeori,최여리,ARIAZ,South Korea
Hyogyeong,Jang Hyogyeong,장효경,ARIAZ,South Korea
Jueun,Jo Jueun,조주은,ARIAZ,South Korea
Yurim,Park Yurim,박유림,3YE,South Korea
Yuji,Son Yuji,손유지,3YE,South Korea
Haeun,Yoon Haeun,윤하은,3YE,South Korea
J,Lee Yeji,이예지,ANS,South Korea
Haena,Jeon Eunbi,전은비,ANS,South Korea
Kiara,Baek Jinjoo,백진주,,South Korea
Semi,Gu Semi,구세미,Cignature,South Korea
Seline,Jung Yeonjeong,정연정,Cignature,South Korea
Bada,Kim Bada,김바다,Hinapia,South Korea
AleXa,Kim Seri,김세리,,USA
Della,Park Sehyun,박세현,Rockit Girl,South Korea
Han Leeseul,Han Jiyoon,한지윤,Rockit Girl,South Korea
BIBI,Kim Hyungseo,김형서,,South Korea
Woo-ah,Kim Chaewon,김채원,CRAXY,South Korea
Karin,Baek Yerin,백예린,CRAXY,South Korea
Hyejin,Kang Hyejin,강혜진,CRAXY,South Korea
Swan,Kim Suan,김수안,CRAXY,South Korea
ChaeY,Song Chaeyeon,송채연,CRAXY,South Korea
Lina,Oh Hyesoo,오혜수,RedSquare,South Korea
Nana,Kwon Nayeon,권나연,woo!ah!,South Korea
Wooyeon,Park Jinkyung,박진경,woo!ah!,South Korea
Sora,Sakata Sora,사카타 소라,woo!ah!,Japan
Lucy,Kim Daeun,김대은,woo!ah!,South Korea
Minseo,Kim Minseo,김민서,woo!ah!,South Korea
Songyee,Park Songyee,박송이,,South Korea
Lea,Ogawa Mizuki,오가와 미즈키,SECRET NUMBER,Japan
Dita,Dita Karang,디타 가랑,SECRET NUMBER,Indonesia
Jinny,Park Jinhee,박진희,SECRET NUMBER,South Korea
Soodam,Lee Soodam,이수담,SECRET NUMBER,South Korea
Denise,Kim Denise,김데니스,,South Korea
Soojin,Lee Soojin,이수진,Weeekly,South Korea
Jiyoon,Shin Jiyoon,신지윤,,South Korea
Monday,Kim Jimin,김지민 ,Weeekly,South Korea
Soeun,Park Soeun,박소은,Weeekly,South Korea
Jaehee,Lee Jaehee,이재희 ,Weeekly,South Korea
Jihan,Han Jihyo,한지효 ,Weeekly,South Korea
Zoa,Cho Hyewon,조혜원,Weeekly,South Korea
Areum,Kim Daun,김다운,AREAL,South Korea
Hyebin,Kim Hyebin,김혜빈,AREAL,South Korea
Segye,Shin Segye,신세계 ,AREAL,South Korea
Dabi,Park Jiwon,박지원,AREAL,South Korea
Eyedi,Nam Yujin,남유진,,South Korea
Haneul,Choi Haneul,최하늘,Saturday,South Korea
Juyeon,Lee Juyeon,이주연,Saturday,South Korea
Yuki,Lim Jiyeon,임지연,Saturday,South Korea
Ayeon,Son Minji,손민지,Saturday,South Korea
Minseo,Park Minseo,박민서,Saturday,South Korea
Jieun,Park Jieun,박지은,,South Korea
Goeun,Na Goeun,나고은 ,Purple Kiss,South Korea
Dosie,Jang Eunseung,장은성 ,Purple Kiss,South Korea
Ireh,Cho Seoyoung,조서영,Purple Kiss,South Korea
Yuki,Mori Koyuki,모리 코유키,Purple Kiss,Japan
Chaein,Lee Chaeyoung,이채영,Purple Kiss,South Korea
Swan,Park Soojin,박수진,Purple Kiss,South Korea
EunB,Shin Eunbi,신은비,Maka Maka,South Korea
Heesu,Kim Heesu,김희수,Maka Maka,South Korea
Daseul,Yang Daseul,양다슬,Maka Maka,South Korea
Chaewon,Lee Chaewon,이채원,Maka Maka,South Korea
Dia,Kwak Minnyeong,곽민녕,Maka Maka,South Korea
EunB,Byun Eunbi,변은비,PRECIOUS,South Korea
Jihyo,Lee Jihyo,이지효,PRECIOUS,South Korea
Hanwoom,Byun Hanwoom,변한움,PRECIOUS,South Korea
Lee Soo,Jin Isoo,진이수,PRECIOUS,South Korea
Hanbyul,Kyung Hanbyul,경한별,PRECIOUS,South Korea
Seoyoon,Kim Suyoung,김수영,BOTOPASS,South Korea
Cui Xiang,Cui Xiang,최상,BOTOPASS,China
Jiwon,Park Jiwon,박지원,BOTOPASS,South Korea
Ria,Kuwayama Ria,쿠와야마 리아,BOTOPASS,Japan
Mihee,Lee Mihee,이미희,BOTOPASS,South Korea
Harin,Seo Harin,서하린,BOTOPASS,South Korea
Shiho,Kwon Subin,권수빈,BOTOPASS,South Korea
Ahyoon,Choi Subin,최수빈,BOTOPASS,South Korea
Eseo,Noh Hyunjung,노현정,LUNARSOLAR,South Korea
Taeryeong,Lim Jeongmin,임정민,LUNARSOLAR,South Korea
Jian,Kwon Jieun,권지은,LUNARSOLAR,South Korea
Yuuri,Tokunaga Yuuri,도쿠나가 유우리,LUNARSOLAR,Japan
Sieun,Lee Sieun,이시은 ,CHECKMATE,South Korea
Suri,Kang Suri,강수리,CHECKMATE,South Korea
Karina,Yoo Jimin,유지민,aespa,South Korea
Giselle,Uchinaga Aeri,우치나가 애리,aespa,Japan
Winter,Kim Minjung,김민정,aespa,South Korea
Ningning,Ning Yizhuo,닝이쭤,aespa,China
Juhyun,Cha Juhyun,차주현,Bling Bling,South Korea
Ayamy,Suzuki Ayami,스즈키 아야미,Bling Bling,Japan
Jieun,Choi Jieun,최지은,Bling Bling,South Korea
Marin,Yasufuku Marin,야스후쿠 마린,Bling Bling,Japan
Narin,Lee Narin,이나린,Bling Bling,South Korea
Yubin,Kim Yubin,김유빈,Bling Bling,South Korea
Sumin,Bae Sumin,배수민,STAYC,South Korea
Sieun,Park Sieun,박시은,STAYC,South Korea
Isa,Lee Chaeyoung,이채영,STAYC,South Korea
Seeun,Yoon Seeun,윤세은,STAYC,South Korea
Yoon,Shim Jayoon,심자윤,STAYC,South Korea
J,Jang Yeeun,장예은,STAYC,South Korea
SongSun,Kim Songsun,김송선,TRI.BE,South Korea
Kelly,Lin Kelly,린 켈리,TRI.BE,Taiwan
Jinha,Kim Jinha,김진하,TRI.BE,South Korea
Hyunbin,Kim Hyunbin,김현빈‬,TRI.BE,South Korea
Jia,Guo Jiajia,궈 지아지아,TRI.BE,China
Soeun,Bang Soeun,방소은,TRI.BE,South Korea
Mire,Su Mire,수미레,TRI.BE,Japan
Lola,Choi Yoojung,최유정,Pixy,South Korea
Satbyeol,Jeon Yujin,전유진,,South Korea
Dia,Choi Eunji,최은지,Pixy,South Korea
Sua,Choi Sooah,최수아,Pixy,South Korea
Dajeong,Jung Dajeong,정다정,Pixy,South Korea
Sangah,Yoo Sangah,윤상아,LIGHTSUM,South Korea
Chowon,Han Chowon,한초원,LIGHTSUM,South Korea
Nayoung,Kim Nayoung,김나영,LIGHTSUM,South Korea
Hina,Nagai Hina,나가이 히나,LIGHTSUM,Japan
Juhyeon,Lee Juhyeon,이주현,LIGHTSUM,South Korea
Yujeong,Lee Yujeong,이유정,LIGHTSUM,South Korea
Huiyeon,Oh Huiyeon,오휘연,,South Korea
Jian,Kim Jian,김지안,,South Korea
Ida,Ko Chaeyoung,고채영,MAJORS,South Korea
Vita,Kim Jimin,김지민,MAJORS,South Korea
Aki,Jang Minju,장민주,MAJORS,South Korea
Suzy,Kim Suji,김수지,MAJORS,South Korea
Shinye,Kam Yerim,감예림,MAJORS,South Korea
Mayna,Simone Shaoxi Mengna,시몬느 샤오시 멍나,HOT ISSUE,China
Nahyun,Kang Nahyun,강나현,PRIMROSE,South Korea
Hyeongshin,Kim Hyungshin,김형신,HOT ISSUE,South Korea
Dana,Jang Dana,장다나,HOT ISSUE,South Korea
Yewon,Park Yewon,박예원,HOT ISSUE,South Korea
Yebin,Kim Yebin,김예빈,HOT ISSUE,South Korea
Dain,Jung Dain,정다인,HOT ISSUE,South Korea
Momoka,Matsuda Momoka,마쓰다 모모카,Pink Fantasy,Japan
Miku,Katae Miku,카타에 미쿠,Pink Fantasy,Japan
Mint,Kunpat Phonpawiworakun,쿤팟 퍼언빠위워라쿤,Tiny-G,Thailand
Dohee,Min Dohee,민도희,Tiny-G,South Korea
J.Min,Shin Minjung,신민정,Tiny-G,South Korea
Myungji,Kim Myungji,김명지,Tiny-G,South Korea
E.Ji,Choi Jiwon,최지원,ICHILLIN',South Korea
Jackie,Kang Chaeyeon,강채연,ICHILLIN',USA
Joonie,Park Junhee,박준희,ICHILLIN',USA
Chaerin,Park Chaerin,박채린,ICHILLIN',South Korea
Sohee,Uhm Sohee,음소희,,South Korea
Yeju,Kim Yeju,김예주,ICHILLIN',South Korea
Chowon,Kim Chowon,김초원,ICHILLIN',South Korea
Eunchae,Son Eunchae,손은채,bugAboo,South Korea
Yoona,Ogura Yuuna,오구라 유우나,bugAboo,Japan
Rainie,Chu Chingyu,주칭위,PRIMROSE,Taiwan
Cyan,Lee Chaeeun,이채은,bugAboo,South Korea
Choyeon,Kim Choyeon,김초연,bugAboo,South Korea
Zin,Jin Hyunbin,진현빈,bugAboo,South Korea
Moon Sua,Moon Sua,문수아,Billlie,South Korea
Suhyeon,Kim Suhyun,김수현,Billlie,South Korea
Haram,Kim Haram,김하람,Billlie,South Korea
Tsuki,Fukutomi Tsuki,후쿠토미 츠키,Billlie,Japan
Siyoon,Kim Siyoon,김시윤,Billlie,South Korea
Haruna,Osato Haruna,오사토 하루나,Billlie,Japan
Youngheun,Go Youngheun,고영흔,,South Korea
Fatou,Fatou Samba,파투 삼바,Blackswan,Belgium
Judy,Kim Dahye,김다혜,,South Korea
Leia,Larissa Kartes,라리사 카르치스,Blackswan,Brazil
Lee Jin,Shim Yerin,심예린,Hi-L,South Korea
Soojung,Hwang Soojung,황수정,Hi-L,South Korea
Dakyung,Jung Dakyung,정다경,Hi-L,South Korea
JooA,Lee Juhyun,이주현,Hi-L,South Korea
Hayun,Choi Hayun,최하윤,Hi-L,South Korea
Yeseul,Kim Yeseul,김예슬,Hi-L,South Korea
Sullyoon,Seol Yoona,설윤아,NMIXX,South Korea
Jinni,Choi Yujin,최윤진,,South Korea
Bae,Bae Jinsol,배진솔,NMIXX,South Korea
Jiwoo,Kim Jiwoo,김지우,NMIXX,South Korea
Kyujin,Jang Kyujin,장규진,NMIXX,South Korea
Mashiro,Sakamoto Mashiro,사카모토 마시로,Kep1er,Japan
Hikaru,Ezaki Hikaru,에자키 히카루 ,Kep1er,Japan
Youngeun,Seo Youngeun,서영은,Kep1er,South Korea
"Dayeon
","Kim Dayeon
","김다연
",Kep1er,South Korea
Chaehyun,Kim Chaehyun,김채현,Kep1er,South Korea
Bahiyyih,Huening Bahiyyih,휴닝바히에,Kep1er,USA
XiaoTing,Shen Xiao Ting,션샤오팅,Kep1er,China
Sheon,Kim Suyeon,김수연,Billlie,South Korea
Gaeul,Kim Gaeul,김가을,IVE,South Korea
Rei,Naoi Rei,나오이 레이,IVE,Japan
Liz,Kim Jiwon,김지원,IVE,South Korea
Leeseo,Lee Hyunseo,이현서,IVE,South Korea
Sitala,Sitala Wongkrachang,시탈라 웡크라창,,Thailand
Seoi,Lee Yejin,이예진,H1-KEY,South Korea
Riina,Lee Seunghyeon,이승현,H1-KEY,South Korea
Yel,Han Shinyoung,한신영,H1-KEY,South Korea
Hana,Hayase Hana,하야세 하나,ILY:1,Japan
Ara,Lee Yunji,이윤지,ILY:1,South Korea
Rona,Chang Ching,장찡,ILY:1,Taiwan
Ririka,Kishida Ririka,키시다 리리카,ILY:1,Japan
Nayu,Kim Yewon,김예원,ILY:1,South Korea
Elva,Lee Yonghwa,이용화,ILY:1,South Korea
Lily,Lily Jin Morrow,릴리 진 머로우,NMIXX,Australia
Haewon,Oh Haewon,오해원,NMIXX,South Korea
Alice,Cheon Jaeyoung,천재영,TRACER,South Korea
Genie,Cho Heejin,조희진,TRACER,South Korea
Sowon,Nam Soeun,남소은,TRACER,South Korea
Yubeen,Jin Yubeen,진유빈,TRACER,South Korea
Jimin,Won Jimin,원지민,CLASS:y,South Korea
Seonyu,Kim Seonyu,김선유,CLASS:y,South Korea
Hyeju,Hong Hyeju,홍혜주,CLASS:y,South Korea
Riwon,Kim Riwon,김리원,CLASS:y,South Korea
Boeun,Park Boeun,박보은,CLASS:y,South Korea
Chaewon,Yoon Chaewon,윤채원,CLASS:y,South Korea
Yunjin,Huh Yunjin,허윤진,LE SSERAFIM,South Korea
Kazuha,Nakamura Kazuha,나카무라 카즈하,LE SSERAFIM,Japan
Garam,Kim Garam,김가람,,South Korea
Eunchae,Hong Eunchae,홍은채,LE SSERAFIM,South Korea
EJ,Kim Eunji,김은지,ALICE,South Korea
Chaejeong,Lee Chaejeong,이채정,ALICE,South Korea
Via,Kim Via,김비아,FANATICS,South Korea
Rayeon,Lee Rayeon,이나연,FANATICS,South Korea
Chanty,Maria Chantal Videla,마리아 샹탈 비델라,Lapillus,Philippines
Shana,Nonaka Shana,노나카 샤나,Lapillus,Japan
Yue,Nancy Yang,낸시 양,Lapillus,USA
Bessie,Kim Susanna,김수산나,Lapillus,South Korea
Seowon,Jang Seowon,장서원,Lapillus,South Korea
Haeun,Lim Haeun,임하은,Lapillus,South Korea
Hwiseo,Jo Hwihyeon,조휘현,H1-KEY,South Korea
Yooyeon,Kim Yooyeon,김유연,tripleS,South Korea
Seoyeon,Yoon Seoyeon,윤서연,tripleS,South Korea
Jiwoo,Lee Jiwoo,이지우,tripleS,South Korea
Hyerin,Jeong Hyerin,정혜린,tripleS,South Korea
Minji,Kim Minji,김민지,NewJeans,South Korea
Hanni,Pham Ngoc Han,팜응옥헌,NewJeans,Vietnam
Danielle,Mo Jihye,모지혜,NewJeans,South Korea
Haerin,Kang Haerin,강해린,NewJeans,South Korea
Hyein,Lee Hyein,이혜인,NewJeans,South Korea
Chloe,Yun Jiwon,윤지원,Cignature,South Korea
Dohee,Kwon Dohee,권도희,Cignature,South Korea
MiU,Ito Miyu,이토 미유,LIMELIGHT,Japan
Suhye,Kim Suhye,김수혜,LIMELIGHT,South Korea
Gaeun,Oh Gaeun,오가은,LIMELIGHT,South Korea
Geumhee,Han Geumhee,한금희,CSR,South Korea
Sihyeon,Hwang Sihyeon,황시현,CSR,South Korea
Seoyeon,Ahn Seoyeon,안서연,CSR,South Korea
Yuna,Iimura Yuna,이이무라 유나,CSR,Japan
Duna,Kang Duna,강두나,CSR,South Korea
Sua,Yoo Sua,유수아,CSR,South Korea
Yeham,Gu Yeham,구예함,CSR,South Korea
Ruka,Kawai Ruka,카와이 루카,BABYMONSTER,Japan
Pharita,Pharita Chaikong,파리따 차이콩,BABYMONSTER,Thailand
Asa,Enami Asa,에나미 아사,BABYMONSTER,Japan
Ahyeon,Jung Ahyeon,정아현,BABYMONSTER,South Korea
Haram,Shin Haram,신하람,BABYMONSTER,South Korea
Rora,Lee Dain,이다인,BABYMONSTER,South Korea
Chiquita,Riracha Phondechaphiphat,리라차 폰데차피팟,BABYMONSTER,Thailand
Soomin,Kim Soomin,김수민,tripleS,South Korea
Nakyung,Kim Nakyung,김나경,tripleS,South Korea
Yubin,Gong Yubin,공유빈,tripleS,South Korea
Kaede,Yamada Kaede,야마다 카에데,tripleS,Japan
Dahyun,Seo Dahyun,서다현,tripleS,South Korea
Kotone,Kamimoto Kotone,카미모토 코토네,tripleS,Japan
Yeonji,Kwak Yeonji,곽연지,tripleS,South Korea
Yeum,Jung Myeongwoo,정명우,,South Korea
Ruby,Heo Jiwon,허지원,PRIMROSE,South Korea
Yubin,Oh Yubin,오유빈,ARTBEAT,South Korea
Seyoung,Ha Seyoung,하세영,ARTBEAT,South Korea
Yoojin,Ahn Yoojin,안유진,ARTBEAT,South Korea
Damhee,Park Damhee,박담희,ARTBEAT,South Korea
Gaeun,Lee Gaeun,이가은,ARTBEAT,South Korea
Sieun,Lee Sieun,이시은,ARTBEAT,South Korea
Haeun,Lee Haeun,윤하은,ARTBEAT,South Korea
Windy,Park Jinju,박진주,Girls' World,South Korea
Kyrin,Park Geumju,박금주,Girls' World,South Korea
A-ra,Choi Eunji,최은지,Girls' World,South Korea
Hari,,,Girls' World,Japan
Nina,Nina Nadia Mateer,니나 나디아 마티어,IRRIS,Australia
Hyori,Inn Hyori,인효리,mimiirose,South Korea
Yeonjae,Choi Yeonjae,최연재,mimiirose,South Korea
Yewon,Han Yewon,한예원,mimiirose,South Korea
Jia,Yoon Jia,윤지아,mimiirose,South Korea
Yunju,Seo Yunju,서윤주,mimiirose,South Korea
Hannah,Bae Hyunyoung,배현영,Queenz Eye,South Korea
Narin,Lee Eunseo,이은서,Queenz Eye,South Korea
Wonchae,Hwang Chaewon,황채원,Queenz Eye,South Korea
Ahyoon,Shin Ahyoon,신아윤,Queenz Eye,South Korea
Damin,Kang Damin,강다민,Queenz Eye,South Korea
Jenna,Kim Minji,김민지,,South Korea
Doa,Im Youngseo,임영서,We;Na,South Korea
Euna,,,We;Na,South Korea
Yeonseo,Ryu Yeonseo,류연서,We;Na,South Korea
Wony,Ahn Seungwon,안승원,We;Na,South Korea
Keena,Song Jakyung,송자경,FIFTY FIFTY,South Korea
Saena,Jung Sehyun,정세현,FIFTY FIFTY,South Korea
Sio,Jeong Jiho,정지호,FIFTY FIFTY,South Korea
Aran,Jeong Eunah,정은아,FIFTY FIFTY,South Korea
Rinji,Hwang Rinji,황린지,Pixy,South Korea
Roa,Kwak Jieun,곽지은,,South Korea
Chi.u,Lee Jaeyi,이재이,,South Korea
E.sha,Kwon Yena,권예나,X:IN,Australia
Nova,Maria Pavlovna Emelyanova,마리아 파블로브나 에멜야노바,X:IN,Russia
Aria,Baby Gauthami,베이비 고타미,X:IN,India
Jiyoon,Jeong Jiyoon,정지윤,ICHILLIN',South Korea
Minji,Park Minji,박민지,SECRET NUMBER,South Korea
Zuu,Ji Yeongju,지영주,SECRET NUMBER,South Korea
Yeonsu,Ryu Yeonsu,류연수,ADYA,South Korea
Seowon,Jung Seowon,정서원,ADYA,South Korea
Sena,Lim Yena,임예나,ADYA,South Korea
Chaeeun,Yoon Chaeeun,윤채은,ADYA,South Korea
Seungchae,Cho Seungchae,조승채,ADYA,South Korea
Natty,Ahnatchaya Suputhipong,아낫차야 수푸티퐁,KISS OF LIFE,Thailand
Suhyun,Yoo Suhyun,유수현,KELT9b,South Korea
Euijeong,Yeon Euijeong,연의정,KELT9b,South Korea
Lua,,,KELT9b,South Korea
Minju,Seo Minju,서민주,KELT9b,South Korea
Youngjae,Jo Youngjae,주영채,KELT9b,South Korea
Chaerin,Lee Chaerin,이채린,KELT9b,South Korea
Nvee,Florence Alena Smith,플로렌스 알레나 스미스,Blackswan,USA
Gabi,Gabriela Strassburger Dalcin,가브리엘라 스트라스부르거 달신,Blackswan,Brazil
Sriya,Sriya Lenka,스리야 렌카,Blackswan,India
Belle,Shim Hyewon,심혜원,KISS OF LIFE,South Korea
Haneul,Won Haneul,원하늘,KISS OF LIFE,South Korea
Julie,Julie Han,쥴리한,KISS OF LIFE,South Korea
Nien,Hsu Nien Tsu,쉬니엔츠,tripleS,Taiwan
Sohyun,Park Sohyun,박소현,tripleS,South Korea
Xinyu,Zhou Xinyu,저우신위,tripleS,China
Mayu,Kouma Mayu,코우마 마유,tripleS,Japan
Lynn,Kawakami Rin,카와카미 린,tripleS,Japan
Joobin,Joo Bin,주빈,tripleS,South Korea
Hayeon,Jeong Hayeon,정하연,tripleS,South Korea
Shion,Park Shion,박시온,tripleS,South Korea
Hayun,Ha Seyun,하세윤,PRIMROSE,South Korea
Sunhye,Jeong Sunhye,정선혜,YOUNG POSSE,South Korea
Yeonjung,Wi Yeonjung,위연정,YOUNG POSSE,South Korea
Jiana,Noh Jihyeon,노지현,YOUNG POSSE,South Korea
Doeun,Kim Doeun,김도은,YOUNG POSSE,South Korea
Jieun,Han Jieun,한지은,YOUNG POSSE,South Korea
Yeyoung,Choi Yeyoung,최예영,Geenius,South Korea
Sion,Ryu Sion,류시온,Geenius,South Korea
Mika,Yu Dahyun,유다현,Geenius,South Korea
Zoe,Choi Hayoung,최하영,Geenius,Italia
Andamiro,Yeon Seongju,연승주,Geenius,South Korea
Nizz,Hwang Sujeong,황수정,X:IN,South Korea
Hannah,Kang Minkyung,강민경,X:IN,South Korea
Yunah,Noh Yunah,윤아,ILLIT,South Korea
Minju,Park Minju,민주,ILLIT,South Korea
Moka,Sakai Moka,모카,ILLIT,Japan
Wonhee,Lee Wonhee,원희,ILLIT,South Korea
Iroha,Hokazono Iroha,이로하,ILLIT,Japan